{"fullName":"Navin Gurnani","emailId":"navinkumargurnani@sgmail.com","streetAddress":"Chembur","hashedPassword":"0e38c343f546eb408d1d440bb1052f95a47ed1839a4c8482ba7670ea4501168b","tosAgreement":true,"cart":["wiq22owb7kfwjuylgtqx","zbg30402uuv7crsz273z"],"orders":["uknzbq68u0utc2n5lxv4","qxv14zrdoyrdnoeibl29","hmvyxq9sv81miqjw0oid","6znkgnzk4o5srxpd2s04","cy91zfj87puzbw9k67uc","tz0m9qyl5ho706sc3dqw","w9hcqg7ycfqy5lafnecy","t89ug1jyuuc4wbdj5wrp","uhsae37wz2fysykcqqlq","x68iunry6hqtwbc20zgq","9vy2orb1dec35zxtqjaj"]}